,Pregnancies,Glucose,BloodPressure,SkinThickness,Insulin,BMI,DiabetesPedigreeFunction,Age,Outcome
count,768.0,768.0,768.0,768.0,768.0,768.0,768.0,768.0,768.0
mean,3.9973958333333335,119.60677083333333,69.38671875,20.658854166666668,78.59244791666667,31.961328124999998,0.47212760416666666,32.852864583333336,0.3606770833333333
std,3.3453922059004433,32.050751084802314,17.471904977273546,15.356970133167954,119.09882958097957,7.931529135465859,0.33907798423588376,11.228129469877404,0.48050989854863135
min,0.0,0.0,0.0,0.0,0.0,0.0,0.078,21.0,0.0
25%,1.0,98.0,64.0,0.0,0.0,27.6,0.237,24.0,0.0
50%,3.0,114.0,70.0,23.0,22.0,31.6,0.378,29.0,0.0
75%,6.0,141.0,78.0,32.0,125.0,35.925,0.637,40.0,1.0
max,17.0,199.0,122.0,60.0,846.0,67.1,2.329,70.0,1.0
